driverId,name,ssn,location,certified,wage-plan
10,Christina Mendez,677-28-0691,"960 Long Mission Apt. 071
New Williefort, TN 13999",Y,hours
11,Jennifer Williams,892-60-5159,"975 Sharp Ways Suite 699
Marcusville, MD 75777",Y,miles
12,Charles Collins,726-50-6258,"445 Bell Village Suite 280
Michaeltown, WV 97178",N,hours
13,Mr. Joshua Brown DDS,741-17-7946,"6612 Vincent Village Apt. 492
East Monicaburgh, VA 72779",N,miles
14,Lindsay Mitchell,570-02-4589,"048 Leah Glens
Gregorymouth, GA 11023",Y,miles
15,Rhonda Harrison,829-05-9007,"6488 Kelley Garden
Johnfurt, MA 40083",Y,miles
16,Erin Brock,836-25-9147,"Unit 2970 Box 2047
DPO AE 40420",Y,hours
17,Sandra Green,468-35-6839,"5963 Townsend Landing Suite 965
Christinaberg, ME 10473",N,hours
18,Jessica Randall,503-80-9705,"PSC 9578, Box 2043
APO AA 05837",N,hours
19,Chelsea Mcdonald,098-66-1050,"2588 Bonnie View Suite 193
Carterport, OK 20277",Y,hours
20,Lee Reyes,292-08-8494,"711 Alexander Stream Apt. 339
New Crystalfort, MS 49004",Y,miles
21,Timothy Bond,897-90-1498,"6697 Greg Valley Apt. 386
West Joshua, TN 86137",N,hours
22,Sarah Rosario,195-49-8391,"925 Moses Points Suite 276
Lake Steven, TX 82565",N,hours
23,Kathryn Brown,316-40-0492,"91605 James Summit Apt. 113
Lake Christopher, AK 23634",N,hours
24,Aaron Johnson,658-30-9916,"513 Winters Island
Davidhaven, CO 30186",Y,hours
25,Patrick Stein,103-99-2035,"43781 Breanna Crossing Suite 784
Jaclynside, AK 63800",N,hours
26,Madison Shah,325-50-3766,"917 Johnson Manor
South Noahmouth, NM 63173",Y,miles
27,Ashley Soto,148-43-9253,"2166 Williams Rest Suite 586
Jasonmouth, MP 26772",N,hours
28,Rebecca Villarreal,566-78-0762,"07174 Francis Parkways Suite 094
East Christopherton, MS 28820",N,hours
29,Nicole Knapp MD,373-10-7979,"4945 Jonathan Pass Suite 502
North Normanhaven, AZ 20257",Y,hours
30,Christopher Garcia,524-24-8320,"70512 Jennifer Forge
Franktown, HI 72419",N,hours
31,Nicholas Cameron,294-11-3642,"894 Campbell Well
Mayoborough, HI 35365",Y,miles
32,Scott Lopez,875-86-5909,"8197 Burns Mountain Apt. 779
Smithhaven, KY 75970",Y,miles
33,Teresa Pollard,649-34-7284,"076 Hayes Dam Apt. 629
North Amber, FM 47402",N,miles
34,Anthony Anderson,495-63-0430,"726 Gary Tunnel Suite 847
Port Stacybury, MH 40585",Y,miles
35,Jennifer Kelly,723-58-6851,"59537 Stacey Green
Port Harry, NC 61603",N,hours
36,James Smith,062-56-3869,"29979 Anna Village
Port Jamiefort, NV 96635",N,hours
37,Melissa Morrow,345-50-3186,"1970 Foley Stream
Port Dave, IA 85261",N,miles
38,Andrew Morgan,361-63-2639,"Unit 6224 Box 5626
DPO AP 43977",N,miles
39,Peter Holland,876-67-3029,"2516 Heidi Throughway
East Elizabethfort, IL 19197",N,miles
40,Sabrina Curtis,501-77-3093,"27197 Dixon Ford
Robinstad, DC 71567",Y,hours
41,James Young,077-55-9327,"8342 White Drive Apt. 941
West Jacob, AL 57761",N,hours
42,Thomas Henry,605-82-7146,"7271 Johnathan Roads Apt. 178
Richardfort, ND 37785",Y,miles
43,Stacy Smith MD,807-96-9774,"374 Phillips Stravenue Apt. 327
Lake Melanie, NE 93388",Y,hours
44,Stephanie Ferguson,704-28-7021,"0779 Sharon Island
Lake Paigeview, AL 58212",Y,hours
45,Michael Smith,429-07-6272,"6332 Henry Knoll Suite 166
Charlesstad, IL 34061",N,hours
46,Jody Fowler,109-40-4719,"799 Rodriguez Corners
Port William, MN 06196",N,hours
47,Phillip Price,224-97-9042,"87128 Harrison Light
South Casey, VI 09530",Y,hours
48,Thomas Thomas,176-84-8931,"6279 Nichols Skyway Apt. 250
Jennifershire, DE 36174",Y,miles
49,Beth Garcia,617-28-0094,"2912 Murray River Suite 157
Lake Stacey, MD 47684",N,miles
50,Cody Jacobs,505-79-5007,"014 Moore Port
East Johnland, CA 46303",N,hours
51,Timothy Taylor,459-33-4138,"73853 Emily Square
Port Erinfort, MP 46971",Y,hours
52,Karen Stevenson,444-16-9835,"04490 Pierce Land
North Elizabethhaven, CO 22439",Y,hours
53,Francisco Smith,351-76-1165,"3803 Wheeler Corners
Thomaston, AS 91486",N,hours
54,Jessica Reed,728-04-2889,"USNS Allen
FPO AA 90321",N,hours
55,Lisa May,192-70-2344,"42557 Anthony Plains Apt. 866
Emmaburgh, KS 92951",Y,hours
56,Emily Chavez,285-08-4683,"2903 Michelle Fall
West Amberville, PA 43560",N,hours
57,Robert Wilson,763-40-2802,"840 Joseph Throughway
Millerberg, MH 44606",N,hours
58,Ashley Thomas,678-98-9943,"2391 Logan Courts
South Josephburgh, OK 25784",Y,miles
59,Heather Reyes,726-82-8595,"348 Sheila Ford Apt. 243
Port Eileenstad, IN 17913",N,hours
60,Amanda Austin,056-92-7454,"20278 Matthew Hollow
Kellerton, NM 42004",N,hours
61,Mrs. Kelli Leach,623-54-8615,"USNV Turner
FPO AA 01627",Y,hours
62,Rebecca Johnson,682-38-7336,"120 Walton Rest Apt. 441
West Nathaniel, MO 48089",Y,miles
63,John Lawrence,056-33-8968,"PSC 2875, Box 1500
APO AE 07416",Y,miles
64,David Avila,207-03-9318,"508 Clarke Spurs Apt. 434
West Norma, VA 79573",Y,hours
65,Tammy Larsen,607-83-6435,"6835 Thomas Ville Suite 694
New Philliptown, FM 72060",N,miles
66,Erin Ali,429-13-4373,"716 English Expressway
North Kristina, MI 33221",N,hours
67,Anthony Lopez,138-03-0414,"233 Peterson Prairie Apt. 590
Warrenville, RI 40380",Y,hours
68,Catherine Miller,514-20-8368,"619 Jenkins Rest Apt. 081
Port Linda, NH 35233",Y,miles
69,Jacob Hobbs,570-67-1448,"74238 Lane Centers Apt. 800
Crystalstad, IA 95083",N,hours
70,Morgan Carter,049-79-8689,"688 Atkinson Street
Tylerville, VI 84945",N,hours
71,Ms. Virginia Harris,530-33-7449,"38482 Matthew Shoals Suite 790
Christophershire, DC 94028",Y,miles
72,Sarah Higgins,106-69-4764,"5080 Christensen Garden
Hortonmouth, NC 34224",N,hours
73,James Johnson,364-09-2063,"981 Melissa Club Suite 739
Trevinoberg, NM 98848",N,hours
74,Allison Crane DDS,849-72-1594,"935 Amy Mountain Apt. 372
Port Christopherbury, WY 08687",Y,hours
75,Marissa Peterson,476-31-3989,"3307 Tran Coves
Port Andreafurt, MD 55069",N,hours
76,Jessica Spencer,180-87-2443,"USS Robinson
FPO AP 66018",Y,miles
77,Brett King,676-16-5312,"919 Thomas Parkway Apt. 111
Whitakerview, GU 62897",Y,miles
78,Dave Richmond,117-83-1197,"481 Peterson Flat
South Priscilla, IN 70500",Y,miles
79,Amanda Hickman,763-47-9075,"95514 Jones Track Apt. 297
North Madeline, IN 21093",Y,miles
80,James Kirby,106-40-2209,"2839 Kathy Lake
Michaelshire, DC 12086",Y,miles
81,Shawna Campbell,893-41-5724,"7384 Christine Light Apt. 735
New Ann, IA 26754",Y,hours
82,Gary Martinez,365-67-4427,"9311 Miles Corners Apt. 626
Port Zacharyborough, OK 50497",N,miles
83,Ryan Paul,020-53-4693,"Unit 6241 Box 9312
DPO AE 75672",N,hours
84,Noah Sanchez,249-72-7766,"40295 Oliver Avenue
Alexandraton, LA 93216",Y,hours
85,Bruce Gray,872-58-8386,"PSC 9813, Box 5893
APO AA 62903",Y,hours
86,Kyle Mitchell,512-01-6984,"64261 Olsen Curve Apt. 597
East Nicholas, HI 22894",Y,miles
87,Susan Rhodes,423-20-6840,"5486 Waters Extension Apt. 623
Elizabethshire, CT 69619",Y,miles
88,Yvette Weber,565-99-3271,"726 Kristina Walk
East Mariofort, AL 51209",Y,miles
89,Shannon Robles,463-02-8405,"2512 Flores Estate
Nicholasfurt, PR 11002",Y,miles
90,Maurice Campbell,105-05-0990,"059 Rose Center
Liustad, VI 71649",N,miles
91,Jennifer Daniels,674-52-8239,"485 Anthony Green
Knightland, NH 96106",Y,hours
92,Stephen Saunders,823-38-5896,"417 Rachel Pass Apt. 108
Lake Evelyn, PW 82216",Y,hours
93,Patrick Craig,020-85-6011,"1916 Castaneda Hills Suite 484
Thomasmouth, SD 74943",N,hours
94,Jacob Aguilar,683-46-4036,"574 Jeffrey Camp Apt. 318
Bellmouth, MD 18021",N,hours
95,Frank Moses,415-85-5610,"923 Gary Camp Apt. 644
West Shanemouth, NY 84839",Y,hours
96,James Hayes,587-78-3679,"578 Danielle Mountain Suite 374
East Jesse, CA 29000",Y,miles
97,Barbara Hill,201-64-5197,"4936 Virginia Bridge Suite 719
East Jenny, KY 27227",N,miles
98,Jason Lopez,152-45-5760,"350 Hunter Trail Suite 252
Shaunstad, AK 59607",N,miles
99,Charles Manning,377-61-1857,"1007 Barbara Mission Apt. 443
Glennfurt, NJ 48745",Y,miles
100,Chelsea Fleming,455-97-9486,"766 King Street Suite 496
Port Erica, IA 36128",N,hours
101,Anthony Soto,631-24-9354,"22963 Ryan Flats
Allentown, FL 55561",Y,hours
102,Taylor Stephens,869-24-6528,"752 Nichols Island Apt. 619
Harringtonborough, SD 19919",N,miles
103,Heather Smith,115-52-7856,"PSC 5663, Box 4073
APO AP 82318",Y,hours
104,Tyler Hernandez,287-16-5996,"34775 Gary Summit Apt. 540
Sandrabury, GA 48754",Y,hours
105,Stephen Hall,583-15-0403,"PSC 5050, Box 7288
APO AE 49903",Y,miles
106,Kelly Cook,132-17-8464,"849 Estes Place Suite 025
Wrightview, FL 21178",N,miles
107,Christina Barrett,366-59-6116,"211 William Light
Paulburgh, FL 94272",Y,miles
108,Mr. James Moore DDS,501-01-3204,"345 Heidi Streets Apt. 149
Andreaview, KS 94010",N,hours
109,Rebecca Mccoy,890-56-5011,"3780 Webb Extensions Apt. 027
Bryanburgh, KS 53254",N,miles
